"Year","state","life_exp"
1959,"AL",68.25
1960,"AL",67.91
1961,"AL",68.56
1962,"AL",68.31
1963,"AL",68
1964,"AL",68.33
1965,"AL",68.21
1966,"AL",68.26
1967,"AL",68.98
1968,"AL",68.61
1969,"AL",68.71
1970,"AL",69.15
1971,"AL",69.45
1972,"AL",69.56
1973,"AL",69.6
1974,"AL",70.18
1975,"AL",71.03
1976,"AL",71.21
1977,"AL",71.38
1978,"AL",71.91
1979,"AL",72.36
1980,"AL",72.32
1981,"AL",72.86
1982,"AL",73.31
1983,"AL",73.38
1984,"AL",73.29
1985,"AL",73.3
1986,"AL",73.28
1987,"AL",73.6
1988,"AL",73.35
1989,"AL",73.53
1990,"AL",73.66
1991,"AL",73.64
1992,"AL",74.2
1993,"AL",73.83
1994,"AL",73.94
1995,"AL",73.93
1996,"AL",74
1997,"AL",74.29
1998,"AL",74.29
1999,"AL",74.26
2000,"AL",74.42
2001,"AL",74.51
2002,"AL",74.5
2003,"AL",74.48
2004,"AL",74.63
2005,"AL",74.57
2006,"AL",74.59
2007,"AL",74.9
2008,"AL",74.97
2009,"AL",75.28
2010,"AL",75.33
2011,"AL",75.38
2012,"AL",75.41
2013,"AL",75.36
2014,"AL",75.52
2015,"AL",75.35
2016,"AL",75.17
2017,"AL",75.39
2018,"AL",75.39
2019,"AL",75.57
1959,"AK",68.68
1960,"AK",67.23
1961,"AK",67.99
1962,"AK",67.86
1963,"AK",68.13
1964,"AK",67
1965,"AK",68.64
1966,"AK",69.21
1967,"AK",69.33
1968,"AK",69.24
1969,"AK",70.05
1970,"AK",69.22
1971,"AK",69.47
1972,"AK",70.19
1973,"AK",70.32
1974,"AK",70.83
1975,"AK",71.63
1976,"AK",71.71
1977,"AK",72.13
1978,"AK",72.12
1979,"AK",72.91
1980,"AK",72.38
1981,"AK",72.97
1982,"AK",73.48
1983,"AK",73.72
1984,"AK",74.16
1985,"AK",73.92
1986,"AK",73.88
1987,"AK",74.5
1988,"AK",74.79
1989,"AK",75.01
1990,"AK",74.96
1991,"AK",75.42
1992,"AK",75.39
1993,"AK",75.54
1994,"AK",75.68
1995,"AK",75.57
1996,"AK",75.83
1997,"AK",76.24
1998,"AK",76.8
1999,"AK",76.61
2000,"AK",76.14
2001,"AK",76.43
2002,"AK",76.88
2003,"AK",76.61
2004,"AK",77.49
2005,"AK",77.67
2006,"AK",77.33
2007,"AK",77.41
2008,"AK",77.76
2009,"AK",77.76
2010,"AK",77.9
2011,"AK",77.98
2012,"AK",78.2
2013,"AK",78.33
2014,"AK",78.29
2015,"AK",77.99
2016,"AK",77.8
2017,"AK",78.31
2018,"AK",78.73
2019,"AK",78.5
1959,"AZ",69.43
1960,"AZ",69.25
1961,"AZ",69.44
1962,"AZ",69.38
1963,"AZ",69.21
1964,"AZ",69.67
1965,"AZ",70.45
1966,"AZ",70.13
1967,"AZ",70.72
1968,"AZ",70.45
1969,"AZ",70.8
1970,"AZ",70.9
1971,"AZ",71.05
1972,"AZ",71.87
1973,"AZ",71.97
1974,"AZ",72.52
1975,"AZ",73.28
1976,"AZ",73.68
1977,"AZ",73.89
1978,"AZ",73.89
1979,"AZ",74.31
1980,"AZ",74.17
1981,"AZ",74.79
1982,"AZ",75.25
1983,"AZ",75.49
1984,"AZ",75.29
1985,"AZ",75.53
1986,"AZ",75.54
1987,"AZ",75.46
1988,"AZ",75.66
1989,"AZ",75.93
1990,"AZ",76.23
1991,"AZ",76.37
1992,"AZ",76.32
1993,"AZ",76.07
1994,"AZ",76.21
1995,"AZ",76.41
1996,"AZ",76.61
1997,"AZ",77.02
1998,"AZ",77.05
1999,"AZ",77
2000,"AZ",77.14
2001,"AZ",77.3
2002,"AZ",77.26
2003,"AZ",77.46
2004,"AZ",77.83
2005,"AZ",77.54
2006,"AZ",77.74
2007,"AZ",78.32
2008,"AZ",78.73
2009,"AZ",79.02
2010,"AZ",79.21
2011,"AZ",79.26
2012,"AZ",79.3
2013,"AZ",79.44
2014,"AZ",79.57
2015,"AZ",79.46
2016,"AZ",79.27
2017,"AZ",79.45
2018,"AZ",79.49
2019,"AZ",79.72
1959,"AR",70.37
1960,"AR",69.89
1961,"AR",70.47
1962,"AR",69.77
1963,"AR",69.57
1964,"AR",69.83
1965,"AR",70.29
1966,"AR",70.42
1967,"AR",70.65
1968,"AR",70.01
1969,"AR",70.32
1970,"AR",70.75
1971,"AR",70.94
1972,"AR",70.9
1973,"AR",71.03
1974,"AR",71.43
1975,"AR",72
1976,"AR",72.72
1977,"AR",73.07
1978,"AR",72.95
1979,"AR",73.72
1980,"AR",73.34
1981,"AR",73.88
1982,"AR",74.17
1983,"AR",74.04
1984,"AR",73.99
1985,"AR",73.85
1986,"AR",74.15
1987,"AR",74.06
1988,"AR",73.98
1989,"AR",74.22
1990,"AR",74.35
1991,"AR",74.3
1992,"AR",74.6
1993,"AR",74.17
1994,"AR",74.44
1995,"AR",74.55
1996,"AR",74.82
1997,"AR",74.43
1998,"AR",74.85
1999,"AR",74.95
2000,"AR",74.78
2001,"AR",75.05
2002,"AR",74.82
2003,"AR",75.15
2004,"AR",75.27
2005,"AR",75.35
2006,"AR",75.45
2007,"AR",75.65
2008,"AR",75.33
2009,"AR",75.73
2010,"AR",75.98
2011,"AR",75.88
2012,"AR",75.82
2013,"AR",75.87
2014,"AR",75.96
2015,"AR",75.7
2016,"AR",75.76
2017,"AR",75.61
2018,"AR",75.99
2019,"AR",76.11
1959,"CA",71.18
1960,"CA",70.83
1961,"CA",71.07
1962,"CA",71.09
1963,"CA",70.88
1964,"CA",70.96
1965,"CA",71.1
1966,"CA",71.1
1967,"CA",71.45
1968,"CA",71.51
1969,"CA",71.44
1970,"CA",71.8
1971,"CA",72.01
1972,"CA",72.29
1973,"CA",72.52
1974,"CA",73.03
1975,"CA",73.35
1976,"CA",73.76
1977,"CA",74.18
1978,"CA",74.21
1979,"CA",74.54
1980,"CA",74.33
1981,"CA",74.83
1982,"CA",75.01
1983,"CA",75.35
1984,"CA",75.23
1985,"CA",75.14
1986,"CA",75.29
1987,"CA",75.3
1988,"CA",75.27
1989,"CA",75.43
1990,"CA",75.82
1991,"CA",76.07
1992,"CA",76.32
1993,"CA",76.25
1994,"CA",76.38
1995,"CA",76.64
1996,"CA",77.1
1997,"CA",77.44
1998,"CA",77.64
1999,"CA",77.87
2000,"CA",78.09
2001,"CA",78.13
2002,"CA",78.37
2003,"CA",78.39
2004,"CA",78.91
2005,"CA",78.92
2006,"CA",79.16
2007,"CA",79.55
2008,"CA",79.86
2009,"CA",80.2
2010,"CA",80.55
2011,"CA",80.6
2012,"CA",80.8
2013,"CA",80.83
2014,"CA",81.19
2015,"CA",80.94
2016,"CA",81.03
2017,"CA",81.09
2018,"CA",81.28
2019,"CA",81.43
1959,"CO",70.88
1960,"CO",70.9
1961,"CO",71.22
1962,"CO",70.94
1963,"CO",71.05
1964,"CO",71.02
1965,"CO",71.5
1966,"CO",71.68
1967,"CO",72.01
1968,"CO",71.32
1969,"CO",72.13
1970,"CO",72.13
1971,"CO",72.35
1972,"CO",72.81
1973,"CO",72.66
1974,"CO",73.48
1975,"CO",74.16
1976,"CO",74.26
1977,"CO",74.76
1978,"CO",74.89
1979,"CO",75.29
1980,"CO",75.42
1981,"CO",75.5
1982,"CO",75.85
1983,"CO",76.23
1984,"CO",76.14
1985,"CO",76.53
1986,"CO",76.43
1987,"CO",76.59
1988,"CO",76.77
1989,"CO",77.16
1990,"CO",77.21
1991,"CO",77.01
1992,"CO",77.53
1993,"CO",77.27
1994,"CO",77.45
1995,"CO",77.52
1996,"CO",77.7
1997,"CO",78.04
1998,"CO",77.98
1999,"CO",78.11
2000,"CO",78.36
2001,"CO",78.34
2002,"CO",78.3
2003,"CO",78.4
2004,"CO",79.11
2005,"CO",78.99
2006,"CO",79.4
2007,"CO",79.61
2008,"CO",79.44
2009,"CO",79.74
2010,"CO",80.09
2011,"CO",80.12
2012,"CO",80.34
2013,"CO",80.44
2014,"CO",80.29
2015,"CO",80.3
2016,"CO",80.14
2017,"CO",80.31
2018,"CO",80.46
2019,"CO",80.46
1959,"DE",69.65
1960,"DE",69.08
1961,"DE",69.87
1962,"DE",69.72
1963,"DE",69.58
1964,"DE",69.72
1965,"DE",69.61
1966,"DE",69.19
1967,"DE",69.77
1968,"DE",69.31
1969,"DE",69.8
1970,"DE",69.92
1971,"DE",70.93
1972,"DE",70.65
1973,"DE",71.06
1974,"DE",71.21
1975,"DE",72.42
1976,"DE",72.74
1977,"DE",73.22
1978,"DE",72.92
1979,"DE",73.17
1980,"DE",73.15
1981,"DE",73.6
1982,"DE",73.7
1983,"DE",74.58
1984,"DE",74.61
1985,"DE",73.93
1986,"DE",74.11
1987,"DE",74.39
1988,"DE",74.26
1989,"DE",74.37
1990,"DE",75.03
1991,"DE",75.1
1992,"DE",75.49
1993,"DE",75.42
1994,"DE",75.33
1995,"DE",75.78
1996,"DE",75.74
1997,"DE",76.16
1998,"DE",76.34
1999,"DE",76.69
2000,"DE",76.38
2001,"DE",76.18
2002,"DE",77.04
2003,"DE",76.98
2004,"DE",77.08
2005,"DE",77.15
2006,"DE",77.68
2007,"DE",78
2008,"DE",77.65
2009,"DE",78.16
2010,"DE",78.22
2011,"DE",78.26
2012,"DE",78.59
2013,"DE",78.88
2014,"DE",78.87
2015,"DE",78.45
2016,"DE",78.37
2017,"DE",78.27
2018,"DE",78.19
2019,"DE",78.58
1959,"FL",70.34
1960,"FL",69.87
1961,"FL",70.45
1962,"FL",70.15
1963,"FL",70.15
1964,"FL",70.45
1965,"FL",70.53
1966,"FL",70.51
1967,"FL",71.03
1968,"FL",70.48
1969,"FL",70.49
1970,"FL",70.75
1971,"FL",71.32
1972,"FL",71.3
1973,"FL",71.26
1974,"FL",72.15
1975,"FL",73.03
1976,"FL",73.5
1977,"FL",73.71
1978,"FL",73.93
1979,"FL",74.09
1980,"FL",73.82
1981,"FL",74.03
1982,"FL",74.74
1983,"FL",74.91
1984,"FL",75.17
1985,"FL",74.96
1986,"FL",75.17
1987,"FL",75.24
1988,"FL",75.13
1989,"FL",75.41
1990,"FL",75.66
1991,"FL",75.96
1992,"FL",76.16
1993,"FL",75.88
1994,"FL",75.97
1995,"FL",75.99
1996,"FL",76.52
1997,"FL",76.9
1998,"FL",76.99
1999,"FL",76.91
2000,"FL",76.97
2001,"FL",77.04
2002,"FL",77.21
2003,"FL",77.33
2004,"FL",77.57
2005,"FL",77.7
2006,"FL",77.91
2007,"FL",78.28
2008,"FL",78.43
2009,"FL",78.77
2010,"FL",78.95
2011,"FL",79.26
2012,"FL",79.48
2013,"FL",79.58
2014,"FL",79.58
2015,"FL",79.49
2016,"FL",79.32
2017,"FL",79.37
2018,"FL",79.66
2019,"FL",79.89
1959,"GA",67.91
1960,"GA",67.5
1961,"GA",68.35
1962,"GA",68
1963,"GA",67.66
1964,"GA",68.01
1965,"GA",68.11
1966,"GA",68.21
1967,"GA",68.57
1968,"GA",67.84
1969,"GA",68.23
1970,"GA",68.37
1971,"GA",68.95
1972,"GA",68.99
1973,"GA",69.1
1974,"GA",69.87
1975,"GA",70.78
1976,"GA",71.24
1977,"GA",71.31
1978,"GA",71.59
1979,"GA",72.08
1980,"GA",72.14
1981,"GA",72.42
1982,"GA",73.07
1983,"GA",72.99
1984,"GA",73.17
1985,"GA",73.03
1986,"GA",73.18
1987,"GA",73.25
1988,"GA",73.16
1989,"GA",73.34
1990,"GA",73.78
1991,"GA",73.99
1992,"GA",74.35
1993,"GA",74.06
1994,"GA",74.38
1995,"GA",74.38
1996,"GA",74.63
1997,"GA",75.04
1998,"GA",75.16
1999,"GA",75.18
2000,"GA",75.1
2001,"GA",75.28
2002,"GA",75.46
2003,"GA",75.54
2004,"GA",75.91
2005,"GA",76.14
2006,"GA",76.29
2007,"GA",76.53
2008,"GA",76.77
2009,"GA",77.1
2010,"GA",77.25
2011,"GA",77.58
2012,"GA",77.76
2013,"GA",77.63
2014,"GA",77.64
2015,"GA",77.45
2016,"GA",77.47
2017,"GA",77.62
2018,"GA",77.71
2019,"GA",77.93
1959,"HI",71.52
1960,"HI",71.34
1961,"HI",72.34
1962,"HI",72.31
1963,"HI",72.3
1964,"HI",72.83
1965,"HI",73.09
1966,"HI",73.27
1967,"HI",73.32
1968,"HI",72.77
1969,"HI",73.28
1970,"HI",74.04
1971,"HI",74.31
1972,"HI",74.58
1973,"HI",74.98
1974,"HI",75.52
1975,"HI",76.12
1976,"HI",76.55
1977,"HI",76.97
1978,"HI",77.19
1979,"HI",76.9
1980,"HI",77.05
1981,"HI",77.6
1982,"HI",77.68
1983,"HI",77.49
1984,"HI",77.66
1985,"HI",77.85
1986,"HI",78.06
1987,"HI",77.83
1988,"HI",78.66
1989,"HI",78.18
1990,"HI",78.16
1991,"HI",78.66
1992,"HI",78.74
1993,"HI",78.62
1994,"HI",78.86
1995,"HI",78.73
1996,"HI",78.77
1997,"HI",79.13
1998,"HI",79.25
1999,"HI",79.35
2000,"HI",79.51
2001,"HI",79.79
2002,"HI",79.73
2003,"HI",79.82
2004,"HI",80.14
2005,"HI",80.27
2006,"HI",80.16
2007,"HI",80.49
2008,"HI",80.96
2009,"HI",80.64
2010,"HI",81.3
2011,"HI",81.31
2012,"HI",81.45
2013,"HI",81.39
2014,"HI",81.64
2015,"HI",81.5
2016,"HI",81.78
2017,"HI",81.57
2018,"HI",81.85
2019,"HI",81.76
1959,"ID",71.07
1960,"ID",71.4
1961,"ID",71.29
1962,"ID",71.38
1963,"ID",71.25
1964,"ID",71.47
1965,"ID",71.22
1966,"ID",71.48
1967,"ID",72.06
1968,"ID",71.97
1969,"ID",71.89
1970,"ID",72.01
1971,"ID",72.14
1972,"ID",72.32
1973,"ID",72.72
1974,"ID",73.04
1975,"ID",73.55
1976,"ID",73.63
1977,"ID",74.35
1978,"ID",74.7
1979,"ID",75.43
1980,"ID",75.16
1981,"ID",75.33
1982,"ID",75.67
1983,"ID",75.51
1984,"ID",75.75
1985,"ID",76.37
1986,"ID",75.99
1987,"ID",76.38
1988,"ID",76.18
1989,"ID",76.75
1990,"ID",77.21
1991,"ID",77.19
1992,"ID",77.36
1993,"ID",77.17
1994,"ID",77.36
1995,"ID",77.6
1996,"ID",77.74
1997,"ID",77.75
1998,"ID",77.88
1999,"ID",77.77
2000,"ID",78.08
2001,"ID",78.14
2002,"ID",78.34
2003,"ID",78.15
2004,"ID",78.71
2005,"ID",78.69
2006,"ID",78.86
2007,"ID",79.04
2008,"ID",79.28
2009,"ID",79.36
2010,"ID",79.4
2011,"ID",79.28
2012,"ID",79.54
2013,"ID",79.21
2014,"ID",79.35
2015,"ID",79.42
2016,"ID",79.3
2017,"ID",79.24
2018,"ID",79.31
2019,"ID",79.7
1959,"IL",69.57
1960,"IL",69.55
1961,"IL",69.95
1962,"IL",69.86
1963,"IL",69.65
1964,"IL",69.75
1965,"IL",69.7
1966,"IL",69.44
1967,"IL",69.75
1968,"IL",69.47
1969,"IL",69.81
1970,"IL",70.06
1971,"IL",70.44
1972,"IL",70.62
1973,"IL",70.65
1974,"IL",71.14
1975,"IL",71.81
1976,"IL",72.22
1977,"IL",72.47
1978,"IL",72.74
1979,"IL",73.04
1980,"IL",73.26
1981,"IL",73.6
1982,"IL",73.98
1983,"IL",74.05
1984,"IL",74.42
1985,"IL",74.42
1986,"IL",74.34
1987,"IL",74.61
1988,"IL",74.39
1989,"IL",74.64
1990,"IL",74.92
1991,"IL",74.95
1992,"IL",75.41
1993,"IL",75.08
1994,"IL",75.17
1995,"IL",75.31
1996,"IL",75.81
1997,"IL",76.36
1998,"IL",76.4
1999,"IL",76.23
2000,"IL",76.55
2001,"IL",76.8
2002,"IL",76.87
2003,"IL",77.14
2004,"IL",77.57
2005,"IL",77.62
2006,"IL",77.94
2007,"IL",78.27
2008,"IL",78.16
2009,"IL",78.64
2010,"IL",78.92
2011,"IL",78.97
2012,"IL",79.11
2013,"IL",79.26
2014,"IL",79.18
2015,"IL",79.18
2016,"IL",79.11
2017,"IL",79.02
2018,"IL",79.13
2019,"IL",79.4
1959,"IN",70.49
1960,"IN",70.26
1961,"IN",70.69
1962,"IN",70.53
1963,"IN",70.03
1964,"IN",70.47
1965,"IN",70.39
1966,"IN",70.3
1967,"IN",70.64
1968,"IN",70.32
1969,"IN",70.52
1970,"IN",70.94
1971,"IN",71.17
1972,"IN",71.29
1973,"IN",71.3
1974,"IN",72.01
1975,"IN",72.63
1976,"IN",72.88
1977,"IN",72.98
1978,"IN",73.19
1979,"IN",73.61
1980,"IN",73.85
1981,"IN",74.05
1982,"IN",74.54
1983,"IN",74.51
1984,"IN",74.74
1985,"IN",74.76
1986,"IN",74.59
1987,"IN",74.99
1988,"IN",74.85
1989,"IN",75.33
1990,"IN",75.4
1991,"IN",75.45
1992,"IN",75.79
1993,"IN",75.51
1994,"IN",75.61
1995,"IN",75.54
1996,"IN",75.89
1997,"IN",76.05
1998,"IN",76.17
1999,"IN",75.98
2000,"IN",76.02
2001,"IN",76.27
2002,"IN",76.41
2003,"IN",76.41
2004,"IN",76.88
2005,"IN",76.73
2006,"IN",76.85
2007,"IN",77.42
2008,"IN",77.16
2009,"IN",77.42
2010,"IN",77.53
2011,"IN",77.43
2012,"IN",77.47
2013,"IN",77.32
2014,"IN",77.42
2015,"IN",77.21
2016,"IN",77.08
2017,"IN",76.8
2018,"IN",77.11
2019,"IN",77.24
1959,"IA",71.83
1960,"IA",71.92
1961,"IA",72.24
1962,"IA",72.28
1963,"IA",72.08
1964,"IA",72.09
1965,"IA",72.1
1966,"IA",72.16
1967,"IA",72.55
1968,"IA",72.2
1969,"IA",72.52
1970,"IA",72.56
1971,"IA",72.75
1972,"IA",72.96
1973,"IA",73.26
1974,"IA",73.66
1975,"IA",74.14
1976,"IA",74.42
1977,"IA",75.23
1978,"IA",75.09
1979,"IA",75.68
1980,"IA",75.75
1981,"IA",76.07
1982,"IA",76.29
1983,"IA",76.26
1984,"IA",76.66
1985,"IA",76.38
1986,"IA",76.88
1987,"IA",76.79
1988,"IA",76.79
1989,"IA",77.07
1990,"IA",77.53
1991,"IA",77.35
1992,"IA",77.87
1993,"IA",77.58
1994,"IA",77.56
1995,"IA",77.61
1996,"IA",77.84
1997,"IA",78.17
1998,"IA",78.1
1999,"IA",78.21
2000,"IA",78.33
2001,"IA",78.63
2002,"IA",78.74
2003,"IA",78.65
2004,"IA",79.24
2005,"IA",78.98
2006,"IA",79.29
2007,"IA",79.39
2008,"IA",79.01
2009,"IA",79.52
2010,"IA",79.58
2011,"IA",79.55
2012,"IA",79.64
2013,"IA",79.57
2014,"IA",79.56
2015,"IA",79.54
2016,"IA",79.37
2017,"IA",79.24
2018,"IA",79.43
2019,"IA",79.27
1959,"KS",71.93
1960,"KS",71.86
1961,"KS",72.15
1962,"KS",71.99
1963,"KS",71.79
1964,"KS",72.15
1965,"KS",72.3
1966,"KS",72.23
1967,"KS",72.48
1968,"KS",72.24
1969,"KS",72.12
1970,"KS",72.81
1971,"KS",72.73
1972,"KS",72.93
1973,"KS",73.06
1974,"KS",73.41
1975,"KS",73.93
1976,"KS",74.25
1977,"KS",74.52
1978,"KS",74.73
1979,"KS",75.33
1980,"KS",75.16
1981,"KS",75.42
1982,"KS",75.74
1983,"KS",75.87
1984,"KS",75.88
1985,"KS",76.16
1986,"KS",76.22
1987,"KS",76.51
1988,"KS",76.32
1989,"KS",76.73
1990,"KS",76.95
1991,"KS",76.73
1992,"KS",77.22
1993,"KS",76.79
1994,"KS",77.08
1995,"KS",77.02
1996,"KS",76.99
1997,"KS",77.35
1998,"KS",77.34
1999,"KS",77.25
2000,"KS",77.42
2001,"KS",77.36
2002,"KS",77.36
2003,"KS",77.71
2004,"KS",77.98
2005,"KS",77.78
2006,"KS",77.92
2007,"KS",78.19
2008,"KS",78.1
2009,"KS",78.53
2010,"KS",78.57
2011,"KS",78.56
2012,"KS",78.6
2013,"KS",78.7
2014,"KS",78.67
2015,"KS",78.48
2016,"KS",78.64
2017,"KS",78.36
2018,"KS",78.31
2019,"KS",78.45
1959,"KY",69.79
1960,"KY",69.57
1961,"KY",69.96
1962,"KY",69.8
1963,"KY",69.55
1964,"KY",70.02
1965,"KY",70.19
1966,"KY",70.07
1967,"KY",70.07
1968,"KY",69.85
1969,"KY",69.99
1970,"KY",70.01
1971,"KY",70.34
1972,"KY",70.46
1973,"KY",70.45
1974,"KY",71.17
1975,"KY",71.49
1976,"KY",72.19
1977,"KY",71.96
1978,"KY",72.48
1979,"KY",72.99
1980,"KY",72.83
1981,"KY",73.29
1982,"KY",73.55
1983,"KY",73.42
1984,"KY",73.82
1985,"KY",73.71
1986,"KY",73.77
1987,"KY",73.99
1988,"KY",73.87
1989,"KY",74.05
1990,"KY",74.44
1991,"KY",74.46
1992,"KY",74.84
1993,"KY",74.52
1994,"KY",74.65
1995,"KY",74.79
1996,"KY",74.98
1997,"KY",75.03
1998,"KY",75.28
1999,"KY",75.1
2000,"KY",75.08
2001,"KY",75.12
2002,"KY",74.91
2003,"KY",75.11
2004,"KY",75.58
2005,"KY",75.44
2006,"KY",75.59
2007,"KY",75.88
2008,"KY",75.84
2009,"KY",75.81
2010,"KY",75.84
2011,"KY",75.93
2012,"KY",75.78
2013,"KY",76.16
2014,"KY",75.85
2015,"KY",75.51
2016,"KY",75.2
2017,"KY",75.31
2018,"KY",75.54
2019,"KY",75.78
1959,"LA",68.18
1960,"LA",67.9
1961,"LA",68.7
1962,"LA",68.22
1963,"LA",68.22
1964,"LA",68.1
1965,"LA",68.02
1966,"LA",68
1967,"LA",68.65
1968,"LA",67.89
1969,"LA",68.32
1970,"LA",68.73
1971,"LA",69.35
1972,"LA",69.22
1973,"LA",69.28
1974,"LA",70.19
1975,"LA",70.47
1976,"LA",70.54
1977,"LA",70.8
1978,"LA",71.03
1979,"LA",71.53
1980,"LA",71.64
1981,"LA",71.87
1982,"LA",72.34
1983,"LA",72.45
1984,"LA",72.96
1985,"LA",72.75
1986,"LA",73.09
1987,"LA",73.27
1988,"LA",72.99
1989,"LA",72.88
1990,"LA",73.08
1991,"LA",73.1
1992,"LA",73.52
1993,"LA",73.02
1994,"LA",73.44
1995,"LA",73.49
1996,"LA",73.77
1997,"LA",73.88
1998,"LA",74.04
1999,"LA",74.04
2000,"LA",74.09
2001,"LA",74.04
2002,"LA",74.07
2003,"LA",74.08
2004,"LA",74.16
2005,"LA",73.67
2006,"LA",74.68
2007,"LA",74.88
2008,"LA",74.97
2009,"LA",75.46
2010,"LA",75.72
2011,"LA",75.99
2012,"LA",75.79
2013,"LA",75.63
2014,"LA",75.73
2015,"LA",75.91
2016,"LA",75.91
2017,"LA",75.77
2018,"LA",75.98
2019,"LA",76.14
1959,"ME",69.93
1960,"ME",70.15
1961,"ME",70.35
1962,"ME",70.27
1963,"ME",70.36
1964,"ME",70.55
1965,"ME",70.79
1966,"ME",70.67
1967,"ME",70.45
1968,"ME",70.59
1969,"ME",70.87
1970,"ME",70.67
1971,"ME",71.56
1972,"ME",71.47
1973,"ME",72.02
1974,"ME",72.27
1975,"ME",73.24
1976,"ME",73.51
1977,"ME",74.31
1978,"ME",74.29
1979,"ME",74.59
1980,"ME",74.42
1981,"ME",75.06
1982,"ME",75.4
1983,"ME",75.12
1984,"ME",75.55
1985,"ME",75.09
1986,"ME",75.62
1987,"ME",75.69
1988,"ME",75.59
1989,"ME",76.21
1990,"ME",76.57
1991,"ME",76.59
1992,"ME",77.01
1993,"ME",76.68
1994,"ME",76.81
1995,"ME",76.92
1996,"ME",77.42
1997,"ME",77.4
1998,"ME",77.38
1999,"ME",77.56
2000,"ME",77.59
2001,"ME",77.77
2002,"ME",77.67
2003,"ME",77.95
2004,"ME",78.12
2005,"ME",77.88
2006,"ME",78.45
2007,"ME",78.61
2008,"ME",78.9
2009,"ME",79.08
2010,"ME",79.1
2011,"ME",79.09
2012,"ME",79.24
2013,"ME",78.98
2014,"ME",79.19
2015,"ME",78.56
2016,"ME",78.7
2017,"ME",78.48
2018,"ME",78.85
2019,"ME",78.63
1959,"MD",68.77
1960,"MD",68.64
1961,"MD",69.22
1962,"MD",69.21
1963,"MD",68.82
1964,"MD",69.48
1965,"MD",69.18
1966,"MD",69.19
1967,"MD",69.76
1968,"MD",69.45
1969,"MD",70.01
1970,"MD",70.19
1971,"MD",70.77
1972,"MD",70.88
1973,"MD",71.46
1974,"MD",71.61
1975,"MD",72.22
1976,"MD",72.34
1977,"MD",72.99
1978,"MD",72.96
1979,"MD",73.33
1980,"MD",73.26
1981,"MD",73.63
1982,"MD",73.95
1983,"MD",74.01
1984,"MD",74.18
1985,"MD",74.02
1986,"MD",74.08
1987,"MD",74.1
1988,"MD",74.2
1989,"MD",74.54
1990,"MD",74.87
1991,"MD",75.14
1992,"MD",75.25
1993,"MD",75.04
1994,"MD",75.14
1995,"MD",75.12
1996,"MD",75.52
1997,"MD",75.93
1998,"MD",76.13
1999,"MD",76.12
2000,"MD",76.23
2001,"MD",76.39
2002,"MD",76.66
2003,"MD",76.68
2004,"MD",77.24
2005,"MD",77.44
2006,"MD",77.62
2007,"MD",77.81
2008,"MD",78.13
2009,"MD",78.44
2010,"MD",78.94
2011,"MD",79.14
2012,"MD",79.29
2013,"MD",79.23
2014,"MD",79.4
2015,"MD",79.23
2016,"MD",78.86
2017,"MD",78.85
2018,"MD",79
2019,"MD",79.11
1959,"MA",70.79
1960,"MA",70.53
1961,"MA",70.77
1962,"MA",70.96
1963,"MA",71.4
1964,"MA",72.56
1965,"MA",70.78
1966,"MA",71.17
1967,"MA",71.29
1968,"MA",71.15
1969,"MA",71.56
1970,"MA",71.88
1971,"MA",72.13
1972,"MA",72.34
1973,"MA",72.48
1974,"MA",72.98
1975,"MA",73.55
1976,"MA",74.02
1977,"MA",74.63
1978,"MA",74.63
1979,"MA",75.05
1980,"MA",74.75
1981,"MA",75.26
1982,"MA",75.51
1983,"MA",75.48
1984,"MA",75.47
1985,"MA",75.56
1986,"MA",75.72
1987,"MA",75.91
1988,"MA",75.78
1989,"MA",76.38
1990,"MA",76.81
1991,"MA",77.04
1992,"MA",76.95
1993,"MA",76.88
1994,"MA",77.13
1995,"MA",77.35
1996,"MA",77.69
1997,"MA",78.07
1998,"MA",78.16
1999,"MA",78.25
2000,"MA",78.22
2001,"MA",78.27
2002,"MA",78.37
2003,"MA",78.53
2004,"MA",79.02
2005,"MA",79.29
2006,"MA",79.55
2007,"MA",79.74
2008,"MA",79.97
2009,"MA",80.22
2010,"MA",80.51
2011,"MA",80.53
2012,"MA",80.84
2013,"MA",80.73
2014,"MA",80.64
2015,"MA",80.31
2016,"MA",80.49
2017,"MA",80.36
2018,"MA",80.49
2019,"MA",80.78
1959,"MI",70.13
1960,"MI",70.18
1961,"MI",70.53
1962,"MI",70.42
1963,"MI",70.17
1964,"MI",70.34
1965,"MI",70.24
1966,"MI",70.17
1967,"MI",70.29
1968,"MI",70.12
1969,"MI",70.4
1970,"MI",70.7
1971,"MI",70.83
1972,"MI",70.92
1973,"MI",71.03
1974,"MI",71.66
1975,"MI",72.16
1976,"MI",72.39
1977,"MI",72.89
1978,"MI",73.09
1979,"MI",73.59
1980,"MI",73.65
1981,"MI",73.74
1982,"MI",74.01
1983,"MI",74.09
1984,"MI",74.28
1985,"MI",74.13
1986,"MI",74.17
1987,"MI",74.4
1988,"MI",74.59
1989,"MI",74.84
1990,"MI",75.14
1991,"MI",75.18
1992,"MI",75.59
1993,"MI",75.35
1994,"MI",75.53
1995,"MI",75.71
1996,"MI",76.02
1997,"MI",76.24
1998,"MI",76.24
1999,"MI",76.14
2000,"MI",76.35
2001,"MI",76.63
2002,"MI",76.62
2003,"MI",76.93
2004,"MI",77.33
2005,"MI",77.23
2006,"MI",77.53
2007,"MI",77.62
2008,"MI",77.67
2009,"MI",77.99
2010,"MI",78.02
2011,"MI",78.08
2012,"MI",78.2
2013,"MI",78.1
2014,"MI",78.1
2015,"MI",78.04
2016,"MI",77.94
2017,"MI",77.97
2018,"MI",77.98
2019,"MI",78.23
1959,"MN",71.81
1960,"MN",71.82
1961,"MN",72.24
1962,"MN",72.28
1963,"MN",72.18
1964,"MN",72.21
1965,"MN",72.47
1966,"MN",72.36
1967,"MN",72.61
1968,"MN",72.52
1969,"MN",72.83
1970,"MN",73.03
1971,"MN",73.28
1972,"MN",73.22
1973,"MN",73.79
1974,"MN",74.28
1975,"MN",74.73
1976,"MN",75.03
1977,"MN",75.52
1978,"MN",75.4
1979,"MN",76.13
1980,"MN",76.08
1981,"MN",76.48
1982,"MN",76.83
1983,"MN",76.78
1984,"MN",76.94
1985,"MN",76.89
1986,"MN",76.89
1987,"MN",77.33
1988,"MN",77.27
1989,"MN",77.84
1990,"MN",77.84
1991,"MN",77.87
1992,"MN",78.15
1993,"MN",78
1994,"MN",78.09
1995,"MN",78
1996,"MN",78.38
1997,"MN",78.76
1998,"MN",78.86
1999,"MN",78.69
2000,"MN",79.02
2001,"MN",79.23
2002,"MN",79.2
2003,"MN",79.66
2004,"MN",80.01
2005,"MN",80.1
2006,"MN",80.32
2007,"MN",80.59
2008,"MN",80.41
2009,"MN",80.83
2010,"MN",80.82
2011,"MN",80.84
2012,"MN",80.98
2013,"MN",80.9
2014,"MN",81.01
2015,"MN",80.85
2016,"MN",80.89
2017,"MN",80.78
2018,"MN",80.87
2019,"MN",80.81
1959,"MS",67.83
1960,"MS",67.63
1961,"MS",68.29
1962,"MS",67.54
1963,"MS",67.22
1964,"MS",67.76
1965,"MS",67.88
1966,"MS",67.55
1967,"MS",68.04
1968,"MS",67.66
1969,"MS",67.65
1970,"MS",68.36
1971,"MS",68.64
1972,"MS",68.92
1973,"MS",69.07
1974,"MS",70.09
1975,"MS",70.59
1976,"MS",70.81
1977,"MS",71.23
1978,"MS",71.37
1979,"MS",71.86
1980,"MS",71.8
1981,"MS",72.28
1982,"MS",72.63
1983,"MS",72.65
1984,"MS",72.81
1985,"MS",72.67
1986,"MS",72.91
1987,"MS",72.87
1988,"MS",73.14
1989,"MS",72.85
1990,"MS",73.07
1991,"MS",73.07
1992,"MS",73.22
1993,"MS",72.95
1994,"MS",72.95
1995,"MS",73.07
1996,"MS",73.43
1997,"MS",73.38
1998,"MS",73.43
1999,"MS",73.44
2000,"MS",73.39
2001,"MS",73.7
2002,"MS",73.59
2003,"MS",73.79
2004,"MS",74.13
2005,"MS",73.71
2006,"MS",73.96
2007,"MS",74.37
2008,"MS",74.39
2009,"MS",74.84
2010,"MS",74.81
2011,"MS",74.8
2012,"MS",75.05
2013,"MS",74.7
2014,"MS",74.9
2015,"MS",74.63
2016,"MS",74.73
2017,"MS",74.73
2018,"MS",74.89
2019,"MS",74.69
1959,"MO",70.46
1960,"MO",70.24
1961,"MO",70.73
1962,"MO",70.48
1963,"MO",70.21
1964,"MO",70.45
1965,"MO",70.37
1966,"MO",70.23
1967,"MO",70.56
1968,"MO",70.28
1969,"MO",70.2
1970,"MO",70.63
1971,"MO",71.14
1972,"MO",71.19
1973,"MO",71.3
1974,"MO",71.91
1975,"MO",72.43
1976,"MO",72.68
1977,"MO",73
1978,"MO",73.05
1979,"MO",73.72
1980,"MO",73.62
1981,"MO",74.06
1982,"MO",74.46
1983,"MO",74.49
1984,"MO",74.73
1985,"MO",74.69
1986,"MO",74.76
1987,"MO",74.84
1988,"MO",74.98
1989,"MO",75.17
1990,"MO",75.29
1991,"MO",75.25
1992,"MO",75.51
1993,"MO",75.18
1994,"MO",75.23
1995,"MO",75.33
1996,"MO",75.67
1997,"MO",75.77
1998,"MO",75.82
1999,"MO",75.77
2000,"MO",76.08
2001,"MO",76.18
2002,"MO",76.03
2003,"MO",76.25
2004,"MO",76.65
2005,"MO",76.63
2006,"MO",76.73
2007,"MO",77.12
2008,"MO",76.85
2009,"MO",77.31
2010,"MO",77.41
2011,"MO",77.46
2012,"MO",77.6
2013,"MO",77.56
2014,"MO",77.55
2015,"MO",77.32
2016,"MO",77.34
2017,"MO",77.16
2018,"MO",76.97
2019,"MO",77.35
1959,"MT",69.25
1960,"MT",69.56
1961,"MT",69.95
1962,"MT",70.31
1963,"MT",70.19
1964,"MT",69.57
1965,"MT",70.16
1966,"MT",69.99
1967,"MT",70.37
1968,"MT",70.89
1969,"MT",70.48
1970,"MT",70.79
1971,"MT",70.65
1972,"MT",70.79
1973,"MT",71.15
1974,"MT",72.26
1975,"MT",72.61
1976,"MT",72.4
1977,"MT",73.46
1978,"MT",73.97
1979,"MT",74.15
1980,"MT",73.81
1981,"MT",74.07
1982,"MT",74.65
1983,"MT",74.98
1984,"MT",75.28
1985,"MT",75.56
1986,"MT",75.58
1987,"MT",76
1988,"MT",76.28
1989,"MT",76.23
1990,"MT",76.36
1991,"MT",76.47
1992,"MT",76.63
1993,"MT",76.41
1994,"MT",76.89
1995,"MT",76.66
1996,"MT",76.9
1997,"MT",77.08
1998,"MT",77.23
1999,"MT",77.16
2000,"MT",77.29
2001,"MT",77.48
2002,"MT",77.12
2003,"MT",77.24
2004,"MT",78.13
2005,"MT",77.68
2006,"MT",78.05
2007,"MT",78.19
2008,"MT",77.98
2009,"MT",78.29
2010,"MT",78.57
2011,"MT",78.42
2012,"MT",78.88
2013,"MT",78.4
2014,"MT",78.91
2015,"MT",78.14
2016,"MT",78.51
2017,"MT",78.63
2018,"MT",79.05
2019,"MT",78.79
1959,"NE",71.9
1960,"NE",71.97
1961,"NE",72.19
1962,"NE",72.21
1963,"NE",72.09
1964,"NE",71.91
1965,"NE",71.98
1966,"NE",72.21
1967,"NE",72.58
1968,"NE",72.34
1969,"NE",72.61
1970,"NE",72.51
1971,"NE",72.74
1972,"NE",72.92
1973,"NE",73.39
1974,"NE",73.59
1975,"NE",74.08
1976,"NE",74.39
1977,"NE",74.83
1978,"NE",75.03
1979,"NE",75.53
1980,"NE",75.37
1981,"NE",75.65
1982,"NE",75.98
1983,"NE",76.16
1984,"NE",76.33
1985,"NE",76.38
1986,"NE",76.38
1987,"NE",76.5
1988,"NE",76.57
1989,"NE",76.83
1990,"NE",76.91
1991,"NE",77.17
1992,"NE",77.48
1993,"NE",77.14
1994,"NE",77.33
1995,"NE",77.55
1996,"NE",77.4
1997,"NE",77.7
1998,"NE",77.89
1999,"NE",77.72
2000,"NE",78.28
2001,"NE",78.3
2002,"NE",77.91
2003,"NE",78.44
2004,"NE",78.99
2005,"NE",78.94
2006,"NE",79.13
2007,"NE",79
2008,"NE",79.07
2009,"NE",79.61
2010,"NE",79.63
2011,"NE",79.56
2012,"NE",79.59
2013,"NE",79.72
2014,"NE",79.51
2015,"NE",79.24
2016,"NE",79.65
2017,"NE",79.39
2018,"NE",79.42
2019,"NE",79.55
1959,"NV",67.88
1960,"NV",67.61
1961,"NV",68.05
1962,"NV",68.25
1963,"NV",67.74
1964,"NV",67.69
1965,"NV",68.19
1966,"NV",68.7
1967,"NV",69.42
1968,"NV",68.87
1969,"NV",69.28
1970,"NV",69.31
1971,"NV",69.76
1972,"NV",70.47
1973,"NV",70.72
1974,"NV",71.06
1975,"NV",71.7
1976,"NV",72.36
1977,"NV",72.38
1978,"NV",72.82
1979,"NV",72.9
1980,"NV",72.6
1981,"NV",73.47
1982,"NV",73.32
1983,"NV",74.1
1984,"NV",74.05
1985,"NV",74
1986,"NV",74.24
1987,"NV",74.27
1988,"NV",74.12
1989,"NV",74.62
1990,"NV",74.52
1991,"NV",74.53
1992,"NV",75.13
1993,"NV",74.9
1994,"NV",74.83
1995,"NV",75.11
1996,"NV",75.19
1997,"NV",75.76
1998,"NV",75.54
1999,"NV",75.65
2000,"NV",75.94
2001,"NV",75.96
2002,"NV",76.09
2003,"NV",75.95
2004,"NV",76.39
2005,"NV",76.08
2006,"NV",76.58
2007,"NV",77.04
2008,"NV",77.26
2009,"NV",77.66
2010,"NV",77.8
2011,"NV",77.74
2012,"NV",78.09
2013,"NV",78.03
2014,"NV",78.21
2015,"NV",78.08
2016,"NV",77.95
2017,"NV",78.04
2018,"NV",78.41
2019,"NV",78.58
1959,"NH",70.46
1960,"NH",70.72
1961,"NH",70.81
1962,"NH",71.03
1963,"NH",70.45
1964,"NH",70.65
1965,"NH",70.72
1966,"NH",70.97
1967,"NH",71.06
1968,"NH",70.97
1969,"NH",70.97
1970,"NH",71.55
1971,"NH",71.66
1972,"NH",72.15
1973,"NH",72.33
1974,"NH",72.55
1975,"NH",73.79
1976,"NH",73.85
1977,"NH",74.58
1978,"NH",74.67
1979,"NH",74.87
1980,"NH",75.09
1981,"NH",75.23
1982,"NH",75.58
1983,"NH",75.62
1984,"NH",75.72
1985,"NH",75.43
1986,"NH",75.76
1987,"NH",76.19
1988,"NH",76.06
1989,"NH",76.52
1990,"NH",76.95
1991,"NH",77.24
1992,"NH",77.59
1993,"NH",77.53
1994,"NH",77.65
1995,"NH",77.57
1996,"NH",77.78
1997,"NH",78
1998,"NH",78.1
1999,"NH",78.31
2000,"NH",78.51
2001,"NH",78.56
2002,"NH",78.74
2003,"NH",79.21
2004,"NH",79.04
2005,"NH",79.13
2006,"NH",79.52
2007,"NH",79.52
2008,"NH",79.92
2009,"NH",80.21
2010,"NH",80.29
2011,"NH",80.06
2012,"NH",80.37
2013,"NH",80.36
2014,"NH",79.94
2015,"NH",79.59
2016,"NH",79.37
2017,"NH",79.5
2018,"NH",79.49
2019,"NH",79.78
1959,"NJ",69.94
1960,"NJ",69.94
1961,"NJ",70.01
1962,"NJ",70.09
1963,"NJ",69.93
1964,"NJ",70.09
1965,"NJ",70.25
1966,"NJ",70.28
1967,"NJ",70.61
1968,"NJ",70.3
1969,"NJ",70.7
1970,"NJ",70.96
1971,"NJ",71.2
1972,"NJ",71.47
1973,"NJ",71.78
1974,"NJ",72.29
1975,"NJ",72.88
1976,"NJ",73.21
1977,"NJ",73.37
1978,"NJ",73.71
1979,"NJ",73.94
1980,"NJ",73.75
1981,"NJ",74.29
1982,"NJ",74.42
1983,"NJ",74.49
1984,"NJ",74.67
1985,"NJ",74.53
1986,"NJ",74.66
1987,"NJ",74.65
1988,"NJ",74.56
1989,"NJ",75.02
1990,"NJ",75.43
1991,"NJ",75.64
1992,"NJ",75.79
1993,"NJ",75.71
1994,"NJ",75.94
1995,"NJ",75.99
1996,"NJ",76.46
1997,"NJ",76.97
1998,"NJ",77.38
1999,"NJ",77.24
2000,"NJ",77.32
2001,"NJ",77.37
2002,"NJ",77.79
2003,"NJ",78.01
2004,"NJ",78.47
2005,"NJ",78.59
2006,"NJ",78.8
2007,"NJ",79.26
2008,"NJ",79.42
2009,"NJ",79.87
2010,"NJ",79.95
2011,"NJ",79.89
2012,"NJ",80.19
2013,"NJ",80.23
2014,"NJ",80.38
2015,"NJ",80.4
2016,"NJ",80.26
2017,"NJ",80.16
2018,"NJ",80.21
2019,"NJ",80.51
1959,"NM",69.61
1960,"NM",69.29
1961,"NM",70.11
1962,"NM",70.17
1963,"NM",69.79
1964,"NM",69.91
1965,"NM",70.27
1966,"NM",70.21
1967,"NM",70.48
1968,"NM",70.32
1969,"NM",70.45
1970,"NM",70.51
1971,"NM",70.75
1972,"NM",70.86
1973,"NM",70.82
1974,"NM",71.63
1975,"NM",72.43
1976,"NM",72.67
1977,"NM",73.51
1978,"NM",73.45
1979,"NM",73.63
1980,"NM",73.81
1981,"NM",74.99
1982,"NM",74.68
1983,"NM",75.27
1984,"NM",75.26
1985,"NM",75.23
1986,"NM",75.2
1987,"NM",75.34
1988,"NM",75.5
1989,"NM",75.77
1990,"NM",76.02
1991,"NM",75.83
1992,"NM",76.38
1993,"NM",76.14
1994,"NM",76.27
1995,"NM",76.28
1996,"NM",76.68
1997,"NM",76.92
1998,"NM",77.07
1999,"NM",76.71
2000,"NM",77.13
2001,"NM",76.94
2002,"NM",76.93
2003,"NM",76.82
2004,"NM",77.46
2005,"NM",77.29
2006,"NM",77.36
2007,"NM",77.44
2008,"NM",77.33
2009,"NM",77.9
2010,"NM",78.11
2011,"NM",77.96
2012,"NM",77.93
2013,"NM",78.27
2014,"NM",77.77
2015,"NM",77.85
2016,"NM",77.56
2017,"NM",77.7
2018,"NM",77.7
2019,"NM",77.42
1959,"NY",69.55
1960,"NY",69.67
1961,"NY",69.84
1962,"NY",69.8
1963,"NY",69.76
1964,"NY",69.9
1965,"NY",70.14
1966,"NY",70.02
1967,"NY",70.2
1968,"NY",69.94
1969,"NY",70.26
1970,"NY",70.47
1971,"NY",70.83
1972,"NY",71.09
1973,"NY",71.47
1974,"NY",71.95
1975,"NY",72.59
1976,"NY",72.64
1977,"NY",73.05
1978,"NY",73.36
1979,"NY",73.73
1980,"NY",73.4
1981,"NY",73.81
1982,"NY",74.04
1983,"NY",74.07
1984,"NY",74.13
1985,"NY",74.08
1986,"NY",73.97
1987,"NY",73.99
1988,"NY",73.88
1989,"NY",74.22
1990,"NY",74.59
1991,"NY",74.82
1992,"NY",75.1
1993,"NY",74.97
1994,"NY",75.27
1995,"NY",75.52
1996,"NY",76.19
1997,"NY",76.95
1998,"NY",77.4
1999,"NY",77.34
2000,"NY",77.64
2001,"NY",77.63
2002,"NY",78.02
2003,"NY",78.31
2004,"NY",78.67
2005,"NY",78.85
2006,"NY",79.22
2007,"NY",79.47
2008,"NY",79.61
2009,"NY",79.92
2010,"NY",80.19
2011,"NY",80.24
2012,"NY",80.48
2013,"NY",80.55
2014,"NY",80.82
2015,"NY",80.78
2016,"NY",80.75
2017,"NY",80.94
2018,"NY",81.05
2019,"NY",81.23
1959,"NC",68.61
1960,"NC",68.17
1961,"NC",68.8
1962,"NC",68.63
1963,"NC",68.41
1964,"NC",68.72
1965,"NC",68.61
1966,"NC",68.63
1967,"NC",68.98
1968,"NC",68.68
1969,"NC",68.78
1970,"NC",69.26
1971,"NC",69.75
1972,"NC",69.37
1973,"NC",69.73
1974,"NC",70.7
1975,"NC",71.26
1976,"NC",71.72
1977,"NC",72
1978,"NC",72.27
1979,"NC",72.92
1980,"NC",72.95
1981,"NC",73.22
1982,"NC",73.79
1983,"NC",73.94
1984,"NC",74.06
1985,"NC",74.01
1986,"NC",73.93
1987,"NC",74.11
1988,"NC",73.93
1989,"NC",74.26
1990,"NC",74.7
1991,"NC",74.76
1992,"NC",75
1993,"NC",74.79
1994,"NC",74.96
1995,"NC",75.1
1996,"NC",75.22
1997,"NC",75.66
1998,"NC",75.66
1999,"NC",75.7
2000,"NC",75.6
2001,"NC",76.02
2002,"NC",76.2
2003,"NC",76.22
2004,"NC",76.56
2005,"NC",76.62
2006,"NC",76.88
2007,"NC",77.04
2008,"NC",77.29
2009,"NC",77.61
2010,"NC",77.81
2011,"NC",77.93
2012,"NC",77.99
2013,"NC",78.1
2014,"NC",78.08
2015,"NC",77.88
2016,"NC",77.85
2017,"NC",77.77
2018,"NC",78.05
2019,"NC",78.09
1959,"ND",71.65
1960,"ND",71.51
1961,"ND",72.27
1962,"ND",71.98
1963,"ND",71.91
1964,"ND",72.03
1965,"ND",72.16
1966,"ND",71.88
1967,"ND",72.84
1968,"ND",72.75
1969,"ND",72.58
1970,"ND",72.99
1971,"ND",73.07
1972,"ND",73.49
1973,"ND",73.23
1974,"ND",73.35
1975,"ND",74.22
1976,"ND",74.64
1977,"ND",75.46
1978,"ND",74.77
1979,"ND",75.79
1980,"ND",75.61
1981,"ND",76
1982,"ND",76.65
1983,"ND",76.8
1984,"ND",76.79
1985,"ND",77.06
1986,"ND",77.9
1987,"ND",77.41
1988,"ND",77.19
1989,"ND",77.75
1990,"ND",77.49
1991,"ND",77.83
1992,"ND",77.95
1993,"ND",77.95
1994,"ND",77.88
1995,"ND",77.86
1996,"ND",78.13
1997,"ND",78.44
1998,"ND",78.22
1999,"ND",78.21
2000,"ND",78.77
2001,"ND",78.42
2002,"ND",78.9
2003,"ND",78.44
2004,"ND",79.7
2005,"ND",79.45
2006,"ND",79.29
2007,"ND",79.82
2008,"ND",79.53
2009,"ND",79.38
2010,"ND",79.64
2011,"ND",79.68
2012,"ND",79.61
2013,"ND",79.4
2014,"ND",79.84
2015,"ND",79.51
2016,"ND",79.72
2017,"ND",79.78
2018,"ND",79.77
2019,"ND",79.29
1959,"OH",70.14
1960,"OH",70.17
1961,"OH",70.56
1962,"OH",70.44
1963,"OH",70.24
1964,"OH",70.45
1965,"OH",70.37
1966,"OH",70.38
1967,"OH",70.59
1968,"OH",70.18
1969,"OH",70.51
1970,"OH",70.78
1971,"OH",71.15
1972,"OH",71.04
1973,"OH",71.29
1974,"OH",71.79
1975,"OH",72.29
1976,"OH",72.61
1977,"OH",72.75
1978,"OH",73.07
1979,"OH",73.4
1980,"OH",73.27
1981,"OH",73.76
1982,"OH",74.3
1983,"OH",74.22
1984,"OH",74.48
1985,"OH",74.53
1986,"OH",74.54
1987,"OH",74.79
1988,"OH",74.83
1989,"OH",75.23
1990,"OH",75.32
1991,"OH",75.39
1992,"OH",75.73
1993,"OH",75.62
1994,"OH",75.74
1995,"OH",75.6
1996,"OH",75.97
1997,"OH",76.18
1998,"OH",76.29
1999,"OH",76.15
2000,"OH",76.33
2001,"OH",76.47
2002,"OH",76.4
2003,"OH",76.58
2004,"OH",76.92
2005,"OH",76.77
2006,"OH",77.14
2007,"OH",77.3
2008,"OH",77.21
2009,"OH",77.53
2010,"OH",77.64
2011,"OH",77.51
2012,"OH",77.58
2013,"OH",77.62
2014,"OH",77.62
2015,"OH",77.27
2016,"OH",77
2017,"OH",76.63
2018,"OH",77.01
2019,"OH",77.16
1959,"OR",70.67
1960,"OR",71.02
1961,"OR",71.42
1962,"OR",71.58
1963,"OR",71.31
1964,"OR",71.45
1965,"OR",71.58
1966,"OR",71.29
1967,"OR",71.64
1968,"OR",71.87
1969,"OR",71.96
1970,"OR",72.41
1971,"OR",72.33
1972,"OR",72.59
1973,"OR",72.67
1974,"OR",73.17
1975,"OR",73.73
1976,"OR",73.97
1977,"OR",74.29
1978,"OR",74.54
1979,"OR",74.99
1980,"OR",74.9
1981,"OR",75.31
1982,"OR",75.83
1983,"OR",75.66
1984,"OR",75.53
1985,"OR",75.58
1986,"OR",75.94
1987,"OR",75.78
1988,"OR",75.88
1989,"OR",76.15
1990,"OR",76.47
1991,"OR",76.91
1992,"OR",76.99
1993,"OR",76.53
1994,"OR",76.78
1995,"OR",76.81
1996,"OR",76.92
1997,"OR",77.33
1998,"OR",77.32
1999,"OR",77.64
2000,"OR",77.83
2001,"OR",77.85
2002,"OR",77.69
2003,"OR",77.91
2004,"OR",78.39
2005,"OR",78.4
2006,"OR",78.54
2007,"OR",78.78
2008,"OR",78.93
2009,"OR",79.27
2010,"OR",79.5
2011,"OR",79.4
2012,"OR",79.63
2013,"OR",79.52
2014,"OR",79.59
2015,"OR",79.44
2016,"OR",79.62
2017,"OR",79.54
2018,"OR",79.98
2019,"OR",79.85
1959,"PA",69.39
1960,"PA",69.47
1961,"PA",69.77
1962,"PA",69.74
1963,"PA",69.57
1964,"PA",69.95
1965,"PA",69.84
1966,"PA",69.87
1967,"PA",70.07
1968,"PA",69.69
1969,"PA",70.22
1970,"PA",70.36
1971,"PA",70.73
1972,"PA",70.94
1973,"PA",71.13
1974,"PA",71.66
1975,"PA",72.12
1976,"PA",72.44
1977,"PA",72.83
1978,"PA",73.05
1979,"PA",73.57
1980,"PA",73.27
1981,"PA",73.84
1982,"PA",74.28
1983,"PA",74.34
1984,"PA",74.49
1985,"PA",74.43
1986,"PA",74.59
1987,"PA",74.59
1988,"PA",74.74
1989,"PA",75.08
1990,"PA",75.42
1991,"PA",75.61
1992,"PA",75.73
1993,"PA",75.64
1994,"PA",75.72
1995,"PA",75.93
1996,"PA",76.02
1997,"PA",76.27
1998,"PA",76.73
1999,"PA",76.53
2000,"PA",76.65
2001,"PA",76.81
2002,"PA",76.85
2003,"PA",77.02
2004,"PA",77.31
2005,"PA",77.25
2006,"PA",77.59
2007,"PA",77.9
2008,"PA",77.92
2009,"PA",78.25
2010,"PA",78.44
2011,"PA",78.32
2012,"PA",78.53
2013,"PA",78.57
2014,"PA",78.74
2015,"PA",78.41
2016,"PA",78.19
2017,"PA",78.05
2018,"PA",78.42
2019,"PA",78.64
1959,"RI",70.48
1960,"RI",70.58
1961,"RI",71.1
1962,"RI",70.88
1963,"RI",70.53
1964,"RI",70.88
1965,"RI",70.84
1966,"RI",71.18
1967,"RI",71.53
1968,"RI",71.07
1969,"RI",71.74
1970,"RI",71.73
1971,"RI",72.31
1972,"RI",72.16
1973,"RI",72.43
1974,"RI",73.2
1975,"RI",73.89
1976,"RI",73.72
1977,"RI",73.96
1978,"RI",74.76
1979,"RI",74.6
1980,"RI",74.63
1981,"RI",75.05
1982,"RI",75.61
1983,"RI",75.5
1984,"RI",75.66
1985,"RI",75.61
1986,"RI",75.59
1987,"RI",75.72
1988,"RI",76.06
1989,"RI",76.22
1990,"RI",76.39
1991,"RI",76.87
1992,"RI",77.01
1993,"RI",76.69
1994,"RI",77.45
1995,"RI",77.39
1996,"RI",77.96
1997,"RI",77.53
1998,"RI",77.95
1999,"RI",78.16
2000,"RI",77.97
2001,"RI",77.94
2002,"RI",77.85
2003,"RI",78.06
2004,"RI",78.73
2005,"RI",78.65
2006,"RI",78.98
2007,"RI",79.1
2008,"RI",79.19
2009,"RI",79.59
2010,"RI",79.5
2011,"RI",79.83
2012,"RI",80.17
2013,"RI",79.74
2014,"RI",80.02
2015,"RI",79.59
2016,"RI",79.99
2017,"RI",79.66
2018,"RI",80.06
2019,"RI",79.84
1959,"SC",66.37
1960,"SC",66.1
1961,"SC",66.87
1962,"SC",67.08
1963,"SC",66.47
1964,"SC",67.03
1965,"SC",67
1966,"SC",66.98
1967,"SC",67.6
1968,"SC",66.89
1969,"SC",67.62
1970,"SC",68.08
1971,"SC",68.28
1972,"SC",68.3
1973,"SC",68.18
1974,"SC",69.12
1975,"SC",70.15
1976,"SC",70.58
1977,"SC",70.7
1978,"SC",71.34
1979,"SC",71.69
1980,"SC",71.79
1981,"SC",72.11
1982,"SC",72.75
1983,"SC",72.65
1984,"SC",72.94
1985,"SC",73
1986,"SC",72.83
1987,"SC",73.02
1988,"SC",73.03
1989,"SC",73.23
1990,"SC",73.62
1991,"SC",73.88
1992,"SC",74.09
1993,"SC",73.92
1994,"SC",74.19
1995,"SC",74.12
1996,"SC",74.25
1997,"SC",74.77
1998,"SC",74.78
1999,"SC",74.62
2000,"SC",74.74
2001,"SC",75.05
2002,"SC",75.08
2003,"SC",75.24
2004,"SC",75.7
2005,"SC",75.62
2006,"SC",75.96
2007,"SC",76.14
2008,"SC",76.49
2009,"SC",76.79
2010,"SC",76.75
2011,"SC",76.99
2012,"SC",77.05
2013,"SC",77.06
2014,"SC",77.08
2015,"SC",76.82
2016,"SC",76.86
2017,"SC",76.9
2018,"SC",76.92
2019,"SC",77.16
1959,"SD",70.99
1960,"SD",70.52
1961,"SD",71.44
1962,"SD",70.87
1963,"SD",71.09
1964,"SD",71.42
1965,"SD",71.89
1966,"SD",71.63
1967,"SD",72.5
1968,"SD",72.08
1969,"SD",71.68
1970,"SD",72.33
1971,"SD",72.39
1972,"SD",71.5
1973,"SD",72.91
1974,"SD",73.14
1975,"SD",73.68
1976,"SD",73.35
1977,"SD",74.31
1978,"SD",74.41
1979,"SD",74.99
1980,"SD",74.78
1981,"SD",75.26
1982,"SD",75.48
1983,"SD",75.53
1984,"SD",75.95
1985,"SD",76.11
1986,"SD",75.75
1987,"SD",76.19
1988,"SD",76.55
1989,"SD",76.69
1990,"SD",77.14
1991,"SD",77.01
1992,"SD",76.93
1993,"SD",76.86
1994,"SD",77.16
1995,"SD",77.19
1996,"SD",77.51
1997,"SD",77.67
1998,"SD",77.46
1999,"SD",77.65
2000,"SD",77.98
2001,"SD",78.03
2002,"SD",78.3
2003,"SD",77.77
2004,"SD",78.44
2005,"SD",78.31
2006,"SD",78.67
2007,"SD",79.31
2008,"SD",79
2009,"SD",79.26
2010,"SD",79.28
2011,"SD",79.28
2012,"SD",79.09
2013,"SD",79.69
2014,"SD",79.24
2015,"SD",78.95
2016,"SD",78.97
2017,"SD",78.75
2018,"SD",79.18
2019,"SD",78.72
1959,"TN",69.53
1960,"TN",69.38
1961,"TN",69.79
1962,"TN",69.59
1963,"TN",69.28
1964,"TN",69.63
1965,"TN",69.95
1966,"TN",69.74
1967,"TN",70.08
1968,"TN",69.76
1969,"TN",69.88
1970,"TN",69.97
1971,"TN",70.6
1972,"TN",70.41
1973,"TN",70.56
1974,"TN",71.12
1975,"TN",71.8
1976,"TN",72.11
1977,"TN",72.38
1978,"TN",72.93
1979,"TN",73.31
1980,"TN",73.05
1981,"TN",73.52
1982,"TN",73.94
1983,"TN",73.83
1984,"TN",73.82
1985,"TN",73.85
1986,"TN",73.87
1987,"TN",73.91
1988,"TN",73.95
1989,"TN",74.32
1990,"TN",74.18
1991,"TN",74.5
1992,"TN",74.74
1993,"TN",74.34
1994,"TN",74.38
1995,"TN",74.33
1996,"TN",74.68
1997,"TN",74.68
1998,"TN",74.8
1999,"TN",74.96
2000,"TN",74.71
2001,"TN",75.02
2002,"TN",74.81
2003,"TN",74.85
2004,"TN",75.29
2005,"TN",75.24
2006,"TN",75.52
2007,"TN",75.87
2008,"TN",75.89
2009,"TN",76.13
2010,"TN",76.17
2011,"TN",76.3
2012,"TN",76.28
2013,"TN",76.34
2014,"TN",76.23
2015,"TN",76.15
2016,"TN",75.99
2017,"TN",75.81
2018,"TN",75.88
2019,"TN",75.95
1959,"TX",70.42
1960,"TX",70.18
1961,"TX",70.81
1962,"TX",70.42
1963,"TX",70.35
1964,"TX",70.62
1965,"TX",70.84
1966,"TX",70.61
1967,"TX",70.97
1968,"TX",70.42
1969,"TX",70.57
1970,"TX",70.84
1971,"TX",71.29
1972,"TX",71.08
1973,"TX",71.18
1974,"TX",71.93
1975,"TX",72.46
1976,"TX",72.7
1977,"TX",73.16
1978,"TX",73.18
1979,"TX",73.52
1980,"TX",73.59
1981,"TX",73.8
1982,"TX",74.22
1983,"TX",74.3
1984,"TX",74.43
1985,"TX",74.57
1986,"TX",74.79
1987,"TX",75.01
1988,"TX",74.94
1989,"TX",74.96
1990,"TX",75.18
1991,"TX",75.38
1992,"TX",75.53
1993,"TX",75.44
1994,"TX",75.65
1995,"TX",75.88
1996,"TX",76.04
1997,"TX",76.2
1998,"TX",76.51
1999,"TX",76.52
2000,"TX",76.52
2001,"TX",76.57
2002,"TX",76.61
2003,"TX",76.85
2004,"TX",77.29
2005,"TX",77.37
2006,"TX",77.64
2007,"TX",77.72
2008,"TX",77.77
2009,"TX",78.16
2010,"TX",78.34
2011,"TX",78.56
2012,"TX",78.57
2013,"TX",78.56
2014,"TX",78.57
2015,"TX",78.58
2016,"TX",78.72
2017,"TX",78.69
2018,"TX",78.82
2019,"TX",79.03
1959,"UT",71.62
1960,"UT",71.75
1961,"UT",71.9
1962,"UT",71.81
1963,"UT",71.73
1964,"UT",72.22
1965,"UT",71.94
1966,"UT",71.8
1967,"UT",72.87
1968,"UT",72.54
1969,"UT",73.04
1970,"UT",72.77
1971,"UT",73.09
1972,"UT",73.23
1973,"UT",73.33
1974,"UT",74.13
1975,"UT",74.2
1976,"UT",74.9
1977,"UT",75.17
1978,"UT",75.08
1979,"UT",75.75
1980,"UT",75.78
1981,"UT",75.89
1982,"UT",76.13
1983,"UT",76.56
1984,"UT",76.31
1985,"UT",76.53
1986,"UT",77
1987,"UT",76.98
1988,"UT",77.24
1989,"UT",77.55
1990,"UT",78
1991,"UT",77.94
1992,"UT",78.27
1993,"UT",77.92
1994,"UT",78.2
1995,"UT",78.17
1996,"UT",78.49
1997,"UT",78.4
1998,"UT",78.42
1999,"UT",78.51
2000,"UT",78.6
2001,"UT",78.64
2002,"UT",78.59
2003,"UT",78.62
2004,"UT",78.85
2005,"UT",79.2
2006,"UT",79.22
2007,"UT",79.23
2008,"UT",79.75
2009,"UT",79.93
2010,"UT",79.81
2011,"UT",79.8
2012,"UT",79.85
2013,"UT",79.68
2014,"UT",79.71
2015,"UT",79.58
2016,"UT",79.48
2017,"UT",79.73
2018,"UT",79.92
2019,"UT",80.07
1959,"VY",70.36
1960,"VY",70.43
1961,"VY",70.6
1962,"VY",70.73
1963,"VY",70.6
1964,"VY",70.42
1965,"VY",70.5
1966,"VY",70.69
1967,"VY",70.96
1968,"VY",70.89
1969,"VY",71.3
1970,"VY",71.85
1971,"VY",72.2
1972,"VY",72.79
1973,"VY",72.14
1974,"VY",72.94
1975,"VY",73.49
1976,"VY",73.95
1977,"VY",74.56
1978,"VY",74.07
1979,"VY",75.16
1980,"VY",74.29
1981,"VY",75.27
1982,"VY",75.14
1983,"VY",75.18
1984,"VY",75.58
1985,"VY",75.5
1986,"VY",75.37
1987,"VY",75.52
1988,"VY",76.37
1989,"VY",76.42
1990,"VY",76.7
1991,"VY",77.25
1992,"VY",76.85
1993,"VY",76.63
1994,"VY",77.48
1995,"VY",77.2
1996,"VY",77.65
1997,"VY",77.78
1998,"VY",78.07
1999,"VY",78.11
2000,"VY",78.19
2001,"VY",78.31
2002,"VY",78.78
2003,"VY",78.9
2004,"VY",79.48
2005,"VY",79.37
2006,"VY",79.44
2007,"VY",79.58
2008,"VY",79.78
2009,"VY",80.32
2010,"VY",80.08
2011,"VY",79.83
2012,"VY",80.23
2013,"VY",79.87
2014,"VY",80.11
2015,"VY",79.76
2016,"VY",79.69
2017,"VY",79.62
2018,"VY",79.61
2019,"VY",80.08
1959,"VA",68.8
1960,"VA",68.72
1961,"VA",69.28
1962,"VA",69
1963,"VA",68.84
1964,"VA",69.23
1965,"VA",69.34
1966,"VA",69.49
1967,"VA",69.8
1968,"VA",69.29
1969,"VA",69.76
1970,"VA",70.24
1971,"VA",70.51
1972,"VA",70.45
1973,"VA",70.76
1974,"VA",71.42
1975,"VA",72.02
1976,"VA",72.34
1977,"VA",72.8
1978,"VA",73.13
1979,"VA",73.41
1980,"VA",73.32
1981,"VA",73.81
1982,"VA",74.3
1983,"VA",74.25
1984,"VA",74.33
1985,"VA",74.47
1986,"VA",74.48
1987,"VA",74.79
1988,"VA",74.83
1989,"VA",75.22
1990,"VA",75.33
1991,"VA",75.4
1992,"VA",75.79
1993,"VA",75.63
1994,"VA",75.77
1995,"VA",75.94
1996,"VA",76.14
1997,"VA",76.4
1998,"VA",76.62
1999,"VA",76.71
2000,"VA",76.78
2001,"VA",77.06
2002,"VA",77.18
2003,"VA",77.14
2004,"VA",77.76
2005,"VA",77.74
2006,"VA",78.1
2007,"VA",78.21
2008,"VA",78.42
2009,"VA",78.76
2010,"VA",79.04
2011,"VA",79.02
2012,"VA",79.23
2013,"VA",79.33
2014,"VA",79.42
2015,"VA",79.3
2016,"VA",79.31
2017,"VA",79.26
2018,"VA",79.38
2019,"VA",79.52
1959,"WA",70.8
1960,"WA",71.05
1961,"WA",71.36
1962,"WA",71.25
1963,"WA",71.45
1964,"WA",71.39
1965,"WA",71.89
1966,"WA",71.4
1967,"WA",71.5
1968,"WA",71.19
1969,"WA",71.41
1970,"WA",71.88
1971,"WA",72.09
1972,"WA",72.54
1973,"WA",72.55
1974,"WA",73.2
1975,"WA",73.58
1976,"WA",73.84
1977,"WA",74.46
1978,"WA",74.62
1979,"WA",75.18
1980,"WA",75.01
1981,"WA",75.45
1982,"WA",75.77
1983,"WA",76.04
1984,"WA",75.86
1985,"WA",75.86
1986,"WA",76.26
1987,"WA",76.29
1988,"WA",76.27
1989,"WA",76.77
1990,"WA",76.79
1991,"WA",77.17
1992,"WA",77.19
1993,"WA",76.96
1994,"WA",77.33
1995,"WA",77.45
1996,"WA",77.45
1997,"WA",77.93
1998,"WA",77.98
1999,"WA",77.99
2000,"WA",78.19
2001,"WA",78.27
2002,"WA",78.34
2003,"WA",78.47
2004,"WA",78.99
2005,"WA",78.98
2006,"WA",79.34
2007,"WA",79.36
2008,"WA",79.35
2009,"WA",79.66
2010,"WA",80.07
2011,"WA",80.07
2012,"WA",80.16
2013,"WA",80.28
2014,"WA",80.3
2015,"WA",80.08
2016,"WA",80.34
2017,"WA",80.16
2018,"WA",80.35
2019,"WA",80.39
1959,"WV",69.36
1960,"WV",69.56
1961,"WV",69.8
1962,"WV",69.53
1963,"WV",69.16
1964,"WV",69.78
1965,"WV",69.46
1966,"WV",69.43
1967,"WV",69.54
1968,"WV",69.39
1969,"WV",69.49
1970,"WV",69.2
1971,"WV",69.85
1972,"WV",69.69
1973,"WV",70.24
1974,"WV",70.71
1975,"WV",70.99
1976,"WV",71.26
1977,"WV",71.78
1978,"WV",71.83
1979,"WV",72.49
1980,"WV",72.64
1981,"WV",73.17
1982,"WV",73.45
1983,"WV",73.61
1984,"WV",73.78
1985,"WV",73.79
1986,"WV",73.58
1987,"WV",73.77
1988,"WV",73.88
1989,"WV",74.01
1990,"WV",74.43
1991,"WV",74.21
1992,"WV",74.45
1993,"WV",74.3
1994,"WV",74.84
1995,"WV",74.8
1996,"WV",74.81
1997,"WV",74.73
1998,"WV",74.84
1999,"WV",74.96
2000,"WV",74.88
2001,"WV",75.1
2002,"WV",74.82
2003,"WV",74.9
2004,"WV",75.15
2005,"WV",75.23
2006,"WV",75.24
2007,"WV",75.08
2008,"WV",75.2
2009,"WV",75.22
2010,"WV",75.48
2011,"WV",75.16
2012,"WV",75.25
2013,"WV",75.4
2014,"WV",75.31
2015,"WV",75.14
2016,"WV",74.84
2017,"WV",74.62
2018,"WV",74.7
2019,"WV",74.87
1959,"WI",71.18
1960,"WI",71.11
1961,"WI",71.69
1962,"WI",71.69
1963,"WI",71.51
1964,"WI",71.8
1965,"WI",71.63
1966,"WI",71.74
1967,"WI",72.21
1968,"WI",71.85
1969,"WI",72.18
1970,"WI",72.47
1971,"WI",72.93
1972,"WI",72.81
1973,"WI",73.17
1974,"WI",73.47
1975,"WI",73.99
1976,"WI",74.28
1977,"WI",74.76
1978,"WI",74.74
1979,"WI",75.37
1980,"WI",75.29
1981,"WI",75.55
1982,"WI",75.94
1983,"WI",76
1984,"WI",76.13
1985,"WI",76.36
1986,"WI",76.3
1987,"WI",76.49
1988,"WI",76.51
1989,"WI",76.82
1990,"WI",76.87
1991,"WI",77.04
1992,"WI",77.57
1993,"WI",77.12
1994,"WI",77.31
1995,"WI",77.42
1996,"WI",77.53
1997,"WI",77.89
1998,"WI",77.75
1999,"WI",77.8
2000,"WI",77.97
2001,"WI",78.07
2002,"WI",78.13
2003,"WI",78.52
2004,"WI",78.88
2005,"WI",78.72
2006,"WI",79.1
2007,"WI",79.14
2008,"WI",79.3
2009,"WI",79.79
2010,"WI",79.63
2011,"WI",79.5
2012,"WI",79.72
2013,"WI",79.5
2014,"WI",79.65
2015,"WI",79.55
2016,"WI",79.36
2017,"WI",79.38
2018,"WI",79.42
2019,"WI",79.44
1959,"WY",70.01
1960,"WY",69.17
1961,"WY",70.58
1962,"WY",70.15
1963,"WY",69.81
1964,"WY",70
1965,"WY",70.77
1966,"WY",71.45
1967,"WY",71.29
1968,"WY",70.7
1969,"WY",70.06
1970,"WY",70.84
1971,"WY",70.44
1972,"WY",70.74
1973,"WY",71.18
1974,"WY",71.25
1975,"WY",71.6
1976,"WY",71.98
1977,"WY",72.78
1978,"WY",73.08
1979,"WY",73.67
1980,"WY",73.75
1981,"WY",74.33
1982,"WY",74.77
1983,"WY",75.33
1984,"WY",75.5
1985,"WY",75.21
1986,"WY",75.63
1987,"WY",76.61
1988,"WY",75.86
1989,"WY",75.96
1990,"WY",76.42
1991,"WY",76.67
1992,"WY",76.44
1993,"WY",76.47
1994,"WY",76.75
1995,"WY",76.28
1996,"WY",77.07
1997,"WY",76.97
1998,"WY",76.81
1999,"WY",76.55
2000,"WY",77.11
2001,"WY",76.92
2002,"WY",76.59
2003,"WY",76.86
2004,"WY",77.63
2005,"WY",77.49
2006,"WY",77.12
2007,"WY",77.36
2008,"WY",77.85
2009,"WY",78.11
2010,"WY",78.03
2011,"WY",78.34
2012,"WY",78.47
2013,"WY",78.77
2014,"WY",78.42
2015,"WY",78.26
2016,"WY",78.85
2017,"WY",79.07
2018,"WY",78.65
2019,"WY",78.51
1959,"CT",71.09
1960,"CT",71.05
1961,"CT",71.41
1962,"CT",71.11
1963,"CT",70.99
1964,"CT",71.48
1965,"CT",71.44
1966,"CT",71.47
1967,"CT",71.73
1968,"CT",71.64
1969,"CT",72.18
1970,"CT",72.57
1971,"CT",72.9
1972,"CT",72.99
1973,"CT",73.22
1974,"CT",73.65
1975,"CT",74.02
1976,"CT",74.31
1977,"CT",74.73
1978,"CT",74.89
1979,"CT",75.18
1980,"CT",74.93
1981,"CT",75.39
1982,"CT",75.6
1983,"CT",75.9
1984,"CT",75.86
1985,"CT",75.91
1986,"CT",76.11
1987,"CT",76.26
1988,"CT",76.28
1989,"CT",76.47
1990,"CT",77.12
1991,"CT",77.19
1992,"CT",77.32
1993,"CT",77.08
1994,"CT",77.02
1995,"CT",77.3
1996,"CT",77.57
1997,"CT",77.92
1998,"CT",78.03
1999,"CT",78.44
2000,"CT",78.25
2001,"CT",78.61
2002,"CT",78.72
2003,"CT",79.09
2004,"CT",79.35
2005,"CT",79.51
2006,"CT",79.69
2007,"CT",80.05
2008,"CT",80.26
2009,"CT",80.5
2010,"CT",80.69
2011,"CT",80.69
2012,"CT",80.87
2013,"CT",80.94
2014,"CT",81.08
2015,"CT",80.81
2016,"CT",80.85
2017,"CT",80.69
2018,"CT",80.86
2019,"CT",80.76
1959,"OK",71.13
1960,"OK",70.79
1961,"OK",71.15
1962,"OK",71
1963,"OK",70.92
1964,"OK",71.16
1965,"OK",71.65
1966,"OK",71.27
1967,"OK",71.42
1968,"OK",71.26
1969,"OK",71.25
1970,"OK",71.06
1971,"OK",71.94
1972,"OK",71.67
1973,"OK",71.91
1974,"OK",72.11
1975,"OK",72.37
1976,"OK",72.66
1977,"OK",73.2
1978,"OK",72.99
1979,"OK",73.51
1980,"OK",73.58
1981,"OK",73.77
1982,"OK",73.69
1983,"OK",74.3
1984,"OK",74.58
1985,"OK",74.54
1986,"OK",74.62
1987,"OK",75.05
1988,"OK",74.88
1989,"OK",75.12
1990,"OK",74.97
1991,"OK",75.1
1992,"OK",75.25
1993,"OK",74.71
1994,"OK",74.84
1995,"OK",74.88
1996,"OK",75.06
1997,"OK",74.96
1998,"OK",75.15
1999,"OK",75.02
2000,"OK",75.03
2001,"OK",75.3
2002,"OK",75.06
2003,"OK",75.07
2004,"OK",75.45
2005,"OK",75.06
2006,"OK",75.38
2007,"OK",75.3
2008,"OK",75.14
2009,"OK",75.64
2010,"OK",75.7
2011,"OK",75.68
2012,"OK",75.89
2013,"OK",75.67
2014,"OK",75.75
2015,"OK",75.68
2016,"OK",75.8
2017,"OK",75.76
2018,"OK",75.93
2019,"OK",76.09
